{"assets/audio/A#-do.mp3":["assets/audio/A#-do.mp3"],"assets/audio/A#-do0.mp3":["assets/audio/A#-do0.mp3"],"assets/audio/A#-do1.mp3":["assets/audio/A#-do1.mp3"],"assets/audio/A#-do2.mp3":["assets/audio/A#-do2.mp3"],"assets/audio/A#-fa.mp3":["assets/audio/A#-fa.mp3"],"assets/audio/A#-fa0.mp3":["assets/audio/A#-fa0.mp3"],"assets/audio/A#-fa1.mp3":["assets/audio/A#-fa1.mp3"],"assets/audio/A#-ga.mp3":["assets/audio/A#-ga.mp3"],"assets/audio/A#-ga0.mp3":["assets/audio/A#-ga0.mp3"],"assets/audio/A#-ga1.mp3":["assets/audio/A#-ga1.mp3"],"assets/audio/A#-jur.mp3":["assets/audio/A#-jur.mp3"],"assets/audio/A#-jur0.mp3":["assets/audio/A#-jur0.mp3"],"assets/audio/A#-jur1.mp3":["assets/audio/A#-jur1.mp3"],"assets/audio/A#-ki.mp3":["assets/audio/A#-ki.mp3"],"assets/audio/A#-ki0.mp3":["assets/audio/A#-ki0.mp3"],"assets/audio/A#-ki1.mp3":["assets/audio/A#-ki1.mp3"],"assets/audio/A#-la.mp3":["assets/audio/A#-la.mp3"],"assets/audio/A#-la0.mp3":["assets/audio/A#-la0.mp3"],"assets/audio/A#-la1.mp3":["assets/audio/A#-la1.mp3"],"assets/audio/A#-mi.mp3":["assets/audio/A#-mi.mp3"],"assets/audio/A#-mi0.mp3":["assets/audio/A#-mi0.mp3"],"assets/audio/A#-mi1.mp3":["assets/audio/A#-mi1.mp3"],"assets/audio/A#-nu.mp3":["assets/audio/A#-nu.mp3"],"assets/audio/A#-nu0.mp3":["assets/audio/A#-nu0.mp3"],"assets/audio/A#-nu1.mp3":["assets/audio/A#-nu1.mp3"],"assets/audio/A#-pe.mp3":["assets/audio/A#-pe.mp3"],"assets/audio/A#-pe0.mp3":["assets/audio/A#-pe0.mp3"],"assets/audio/A#-pe1.mp3":["assets/audio/A#-pe1.mp3"],"assets/audio/A#-re.mp3":["assets/audio/A#-re.mp3"],"assets/audio/A#-re0.mp3":["assets/audio/A#-re0.mp3"],"assets/audio/A#-re1.mp3":["assets/audio/A#-re1.mp3"],"assets/audio/A#-so.mp3":["assets/audio/A#-so.mp3"],"assets/audio/A#-so0.mp3":["assets/audio/A#-so0.mp3"],"assets/audio/A#-so1.mp3":["assets/audio/A#-so1.mp3"],"assets/audio/A#-ti.mp3":["assets/audio/A#-ti.mp3"],"assets/audio/A#-ti0.mp3":["assets/audio/A#-ti0.mp3"],"assets/audio/A#-ti1.mp3":["assets/audio/A#-ti1.mp3"],"assets/audio/A#0v16.mp3":["assets/audio/A#0v16.mp3"],"assets/audio/A#1.mp3":["assets/audio/A#1.mp3"],"assets/audio/A#1v16.mp3":["assets/audio/A#1v16.mp3"],"assets/audio/A#2.mp3":["assets/audio/A#2.mp3"],"assets/audio/A#2v16.mp3":["assets/audio/A#2v16.mp3"],"assets/audio/A#3.mp3":["assets/audio/A#3.mp3"],"assets/audio/A#3v16.mp3":["assets/audio/A#3v16.mp3"],"assets/audio/A#4.mp3":["assets/audio/A#4.mp3"],"assets/audio/A#4v16.mp3":["assets/audio/A#4v16.mp3"],"assets/audio/A#5.mp3":["assets/audio/A#5.mp3"],"assets/audio/A#5v16.mp3":["assets/audio/A#5v16.mp3"],"assets/audio/A#6v16.mp3":["assets/audio/A#6v16.mp3"],"assets/audio/A#7v16.mp3":["assets/audio/A#7v16.mp3"],"assets/audio/A-do.mp3":["assets/audio/A-do.mp3"],"assets/audio/A-do0.mp3":["assets/audio/A-do0.mp3"],"assets/audio/A-do1.mp3":["assets/audio/A-do1.mp3"],"assets/audio/A-do2.mp3":["assets/audio/A-do2.mp3"],"assets/audio/A-fa.mp3":["assets/audio/A-fa.mp3"],"assets/audio/A-fa0.mp3":["assets/audio/A-fa0.mp3"],"assets/audio/A-fa1.mp3":["assets/audio/A-fa1.mp3"],"assets/audio/A-ga.mp3":["assets/audio/A-ga.mp3"],"assets/audio/A-ga0.mp3":["assets/audio/A-ga0.mp3"],"assets/audio/A-ga1.mp3":["assets/audio/A-ga1.mp3"],"assets/audio/A-jur.mp3":["assets/audio/A-jur.mp3"],"assets/audio/A-jur0.mp3":["assets/audio/A-jur0.mp3"],"assets/audio/A-jur1.mp3":["assets/audio/A-jur1.mp3"],"assets/audio/A-ki.mp3":["assets/audio/A-ki.mp3"],"assets/audio/A-ki0.mp3":["assets/audio/A-ki0.mp3"],"assets/audio/A-ki1.mp3":["assets/audio/A-ki1.mp3"],"assets/audio/A-la.mp3":["assets/audio/A-la.mp3"],"assets/audio/A-la0.mp3":["assets/audio/A-la0.mp3"],"assets/audio/A-la1.mp3":["assets/audio/A-la1.mp3"],"assets/audio/A-mi.mp3":["assets/audio/A-mi.mp3"],"assets/audio/A-mi0.mp3":["assets/audio/A-mi0.mp3"],"assets/audio/A-mi1.mp3":["assets/audio/A-mi1.mp3"],"assets/audio/A-nu.mp3":["assets/audio/A-nu.mp3"],"assets/audio/A-nu0.mp3":["assets/audio/A-nu0.mp3"],"assets/audio/A-nu1.mp3":["assets/audio/A-nu1.mp3"],"assets/audio/A-pe.mp3":["assets/audio/A-pe.mp3"],"assets/audio/A-pe0.mp3":["assets/audio/A-pe0.mp3"],"assets/audio/A-pe1.mp3":["assets/audio/A-pe1.mp3"],"assets/audio/A-re.mp3":["assets/audio/A-re.mp3"],"assets/audio/A-re0.mp3":["assets/audio/A-re0.mp3"],"assets/audio/A-re1.mp3":["assets/audio/A-re1.mp3"],"assets/audio/A-so.mp3":["assets/audio/A-so.mp3"],"assets/audio/A-so0.mp3":["assets/audio/A-so0.mp3"],"assets/audio/A-so1.mp3":["assets/audio/A-so1.mp3"],"assets/audio/A-ti.mp3":["assets/audio/A-ti.mp3"],"assets/audio/A-ti0.mp3":["assets/audio/A-ti0.mp3"],"assets/audio/A-ti1.mp3":["assets/audio/A-ti1.mp3"],"assets/audio/A0v16.mp3":["assets/audio/A0v16.mp3"],"assets/audio/A1.mp3":["assets/audio/A1.mp3"],"assets/audio/A1v16.mp3":["assets/audio/A1v16.mp3"],"assets/audio/A2.mp3":["assets/audio/A2.mp3"],"assets/audio/A2v16.mp3":["assets/audio/A2v16.mp3"],"assets/audio/A3.mp3":["assets/audio/A3.mp3"],"assets/audio/A3v16.mp3":["assets/audio/A3v16.mp3"],"assets/audio/A4.mp3":["assets/audio/A4.mp3"],"assets/audio/A4v16.mp3":["assets/audio/A4v16.mp3"],"assets/audio/A5.mp3":["assets/audio/A5.mp3"],"assets/audio/A5v16.mp3":["assets/audio/A5v16.mp3"],"assets/audio/A6v16.mp3":["assets/audio/A6v16.mp3"],"assets/audio/A7v16.mp3":["assets/audio/A7v16.mp3"],"assets/audio/B-do.mp3":["assets/audio/B-do.mp3"],"assets/audio/B-do0.mp3":["assets/audio/B-do0.mp3"],"assets/audio/B-do1.mp3":["assets/audio/B-do1.mp3"],"assets/audio/B-do2.mp3":["assets/audio/B-do2.mp3"],"assets/audio/B-fa.mp3":["assets/audio/B-fa.mp3"],"assets/audio/B-fa0.mp3":["assets/audio/B-fa0.mp3"],"assets/audio/B-fa1.mp3":["assets/audio/B-fa1.mp3"],"assets/audio/B-ga.mp3":["assets/audio/B-ga.mp3"],"assets/audio/B-ga0.mp3":["assets/audio/B-ga0.mp3"],"assets/audio/B-ga1.mp3":["assets/audio/B-ga1.mp3"],"assets/audio/B-jur.mp3":["assets/audio/B-jur.mp3"],"assets/audio/B-jur0.mp3":["assets/audio/B-jur0.mp3"],"assets/audio/B-jur1.mp3":["assets/audio/B-jur1.mp3"],"assets/audio/B-ki.mp3":["assets/audio/B-ki.mp3"],"assets/audio/B-ki0.mp3":["assets/audio/B-ki0.mp3"],"assets/audio/B-ki1.mp3":["assets/audio/B-ki1.mp3"],"assets/audio/B-la.mp3":["assets/audio/B-la.mp3"],"assets/audio/B-la0.mp3":["assets/audio/B-la0.mp3"],"assets/audio/B-la1.mp3":["assets/audio/B-la1.mp3"],"assets/audio/B-mi.mp3":["assets/audio/B-mi.mp3"],"assets/audio/B-mi0.mp3":["assets/audio/B-mi0.mp3"],"assets/audio/B-mi1.mp3":["assets/audio/B-mi1.mp3"],"assets/audio/B-nu.mp3":["assets/audio/B-nu.mp3"],"assets/audio/B-nu0.mp3":["assets/audio/B-nu0.mp3"],"assets/audio/B-nu1.mp3":["assets/audio/B-nu1.mp3"],"assets/audio/B-pe.mp3":["assets/audio/B-pe.mp3"],"assets/audio/B-pe0.mp3":["assets/audio/B-pe0.mp3"],"assets/audio/B-pe1.mp3":["assets/audio/B-pe1.mp3"],"assets/audio/B-re.mp3":["assets/audio/B-re.mp3"],"assets/audio/B-re0.mp3":["assets/audio/B-re0.mp3"],"assets/audio/B-re1.mp3":["assets/audio/B-re1.mp3"],"assets/audio/B-so.mp3":["assets/audio/B-so.mp3"],"assets/audio/B-so0.mp3":["assets/audio/B-so0.mp3"],"assets/audio/B-so1.mp3":["assets/audio/B-so1.mp3"],"assets/audio/B-ti.mp3":["assets/audio/B-ti.mp3"],"assets/audio/B-ti0.mp3":["assets/audio/B-ti0.mp3"],"assets/audio/B-ti1.mp3":["assets/audio/B-ti1.mp3"],"assets/audio/B0v16.mp3":["assets/audio/B0v16.mp3"],"assets/audio/B1.mp3":["assets/audio/B1.mp3"],"assets/audio/B1v16.mp3":["assets/audio/B1v16.mp3"],"assets/audio/B2.mp3":["assets/audio/B2.mp3"],"assets/audio/B2v16.mp3":["assets/audio/B2v16.mp3"],"assets/audio/B3.mp3":["assets/audio/B3.mp3"],"assets/audio/B3v16.mp3":["assets/audio/B3v16.mp3"],"assets/audio/B4.mp3":["assets/audio/B4.mp3"],"assets/audio/B4v16.mp3":["assets/audio/B4v16.mp3"],"assets/audio/B5.mp3":["assets/audio/B5.mp3"],"assets/audio/B5v16.mp3":["assets/audio/B5v16.mp3"],"assets/audio/B6v16.mp3":["assets/audio/B6v16.mp3"],"assets/audio/B7v16.mp3":["assets/audio/B7v16.mp3"],"assets/audio/C#-do.mp3":["assets/audio/C#-do.mp3"],"assets/audio/C#-do0.mp3":["assets/audio/C#-do0.mp3"],"assets/audio/C#-do1.mp3":["assets/audio/C#-do1.mp3"],"assets/audio/C#-do2.mp3":["assets/audio/C#-do2.mp3"],"assets/audio/C#-fa.mp3":["assets/audio/C#-fa.mp3"],"assets/audio/C#-fa0.mp3":["assets/audio/C#-fa0.mp3"],"assets/audio/C#-fa1.mp3":["assets/audio/C#-fa1.mp3"],"assets/audio/C#-ga.mp3":["assets/audio/C#-ga.mp3"],"assets/audio/C#-ga0.mp3":["assets/audio/C#-ga0.mp3"],"assets/audio/C#-ga1.mp3":["assets/audio/C#-ga1.mp3"],"assets/audio/C#-jur.mp3":["assets/audio/C#-jur.mp3"],"assets/audio/C#-jur0.mp3":["assets/audio/C#-jur0.mp3"],"assets/audio/C#-jur1.mp3":["assets/audio/C#-jur1.mp3"],"assets/audio/C#-ki.mp3":["assets/audio/C#-ki.mp3"],"assets/audio/C#-ki0.mp3":["assets/audio/C#-ki0.mp3"],"assets/audio/C#-ki1.mp3":["assets/audio/C#-ki1.mp3"],"assets/audio/C#-la.mp3":["assets/audio/C#-la.mp3"],"assets/audio/C#-la0.mp3":["assets/audio/C#-la0.mp3"],"assets/audio/C#-la1.mp3":["assets/audio/C#-la1.mp3"],"assets/audio/C#-mi.mp3":["assets/audio/C#-mi.mp3"],"assets/audio/C#-mi0.mp3":["assets/audio/C#-mi0.mp3"],"assets/audio/C#-mi1.mp3":["assets/audio/C#-mi1.mp3"],"assets/audio/C#-nu.mp3":["assets/audio/C#-nu.mp3"],"assets/audio/C#-nu0.mp3":["assets/audio/C#-nu0.mp3"],"assets/audio/C#-nu1.mp3":["assets/audio/C#-nu1.mp3"],"assets/audio/C#-pe.mp3":["assets/audio/C#-pe.mp3"],"assets/audio/C#-pe0.mp3":["assets/audio/C#-pe0.mp3"],"assets/audio/C#-pe1.mp3":["assets/audio/C#-pe1.mp3"],"assets/audio/C#-re.mp3":["assets/audio/C#-re.mp3"],"assets/audio/C#-re0.mp3":["assets/audio/C#-re0.mp3"],"assets/audio/C#-re1.mp3":["assets/audio/C#-re1.mp3"],"assets/audio/C#-so.mp3":["assets/audio/C#-so.mp3"],"assets/audio/C#-so0.mp3":["assets/audio/C#-so0.mp3"],"assets/audio/C#-so1.mp3":["assets/audio/C#-so1.mp3"],"assets/audio/C#-ti.mp3":["assets/audio/C#-ti.mp3"],"assets/audio/C#-ti0.mp3":["assets/audio/C#-ti0.mp3"],"assets/audio/C#-ti1.mp3":["assets/audio/C#-ti1.mp3"],"assets/audio/C#1v16.mp3":["assets/audio/C#1v16.mp3"],"assets/audio/C#2.mp3":["assets/audio/C#2.mp3"],"assets/audio/C#2v16.mp3":["assets/audio/C#2v16.mp3"],"assets/audio/C#3.mp3":["assets/audio/C#3.mp3"],"assets/audio/C#3v16.mp3":["assets/audio/C#3v16.mp3"],"assets/audio/C#4.mp3":["assets/audio/C#4.mp3"],"assets/audio/C#4v16.mp3":["assets/audio/C#4v16.mp3"],"assets/audio/C#5.mp3":["assets/audio/C#5.mp3"],"assets/audio/C#5v16.mp3":["assets/audio/C#5v16.mp3"],"assets/audio/C#6.mp3":["assets/audio/C#6.mp3"],"assets/audio/C#6v16.mp3":["assets/audio/C#6v16.mp3"],"assets/audio/C#7v16.mp3":["assets/audio/C#7v16.mp3"],"assets/audio/C#8v16.mp3":["assets/audio/C#8v16.mp3"],"assets/audio/C-do.mp3":["assets/audio/C-do.mp3"],"assets/audio/C-do0.mp3":["assets/audio/C-do0.mp3"],"assets/audio/C-do1.mp3":["assets/audio/C-do1.mp3"],"assets/audio/C-do2.mp3":["assets/audio/C-do2.mp3"],"assets/audio/C-fa.mp3":["assets/audio/C-fa.mp3"],"assets/audio/C-fa0.mp3":["assets/audio/C-fa0.mp3"],"assets/audio/C-fa1.mp3":["assets/audio/C-fa1.mp3"],"assets/audio/C-ga.mp3":["assets/audio/C-ga.mp3"],"assets/audio/C-ga0.mp3":["assets/audio/C-ga0.mp3"],"assets/audio/C-ga1.mp3":["assets/audio/C-ga1.mp3"],"assets/audio/C-jur.mp3":["assets/audio/C-jur.mp3"],"assets/audio/C-jur0.mp3":["assets/audio/C-jur0.mp3"],"assets/audio/C-jur1.mp3":["assets/audio/C-jur1.mp3"],"assets/audio/C-ki.mp3":["assets/audio/C-ki.mp3"],"assets/audio/C-ki0.mp3":["assets/audio/C-ki0.mp3"],"assets/audio/C-ki1.mp3":["assets/audio/C-ki1.mp3"],"assets/audio/C-la.mp3":["assets/audio/C-la.mp3"],"assets/audio/C-la0.mp3":["assets/audio/C-la0.mp3"],"assets/audio/C-la1.mp3":["assets/audio/C-la1.mp3"],"assets/audio/C-mi.mp3":["assets/audio/C-mi.mp3"],"assets/audio/C-mi0.mp3":["assets/audio/C-mi0.mp3"],"assets/audio/C-mi1.mp3":["assets/audio/C-mi1.mp3"],"assets/audio/C-nu.mp3":["assets/audio/C-nu.mp3"],"assets/audio/C-nu0.mp3":["assets/audio/C-nu0.mp3"],"assets/audio/C-nu1.mp3":["assets/audio/C-nu1.mp3"],"assets/audio/C-pe.mp3":["assets/audio/C-pe.mp3"],"assets/audio/C-pe0.mp3":["assets/audio/C-pe0.mp3"],"assets/audio/C-pe1.mp3":["assets/audio/C-pe1.mp3"],"assets/audio/C-re.mp3":["assets/audio/C-re.mp3"],"assets/audio/C-re0.mp3":["assets/audio/C-re0.mp3"],"assets/audio/C-re1.mp3":["assets/audio/C-re1.mp3"],"assets/audio/C-so.mp3":["assets/audio/C-so.mp3"],"assets/audio/C-so0.mp3":["assets/audio/C-so0.mp3"],"assets/audio/C-so1.mp3":["assets/audio/C-so1.mp3"],"assets/audio/C-ti.mp3":["assets/audio/C-ti.mp3"],"assets/audio/C-ti0.mp3":["assets/audio/C-ti0.mp3"],"assets/audio/C-ti1.mp3":["assets/audio/C-ti1.mp3"],"assets/audio/C1v16.mp3":["assets/audio/C1v16.mp3"],"assets/audio/C2.mp3":["assets/audio/C2.mp3"],"assets/audio/C2v16.mp3":["assets/audio/C2v16.mp3"],"assets/audio/C3.mp3":["assets/audio/C3.mp3"],"assets/audio/C3v16.mp3":["assets/audio/C3v16.mp3"],"assets/audio/C4.mp3":["assets/audio/C4.mp3"],"assets/audio/C4v16.mp3":["assets/audio/C4v16.mp3"],"assets/audio/C5.mp3":["assets/audio/C5.mp3"],"assets/audio/C5v16.mp3":["assets/audio/C5v16.mp3"],"assets/audio/C6.mp3":["assets/audio/C6.mp3"],"assets/audio/C6v16.mp3":["assets/audio/C6v16.mp3"],"assets/audio/C7v16.mp3":["assets/audio/C7v16.mp3"],"assets/audio/C8v16.mp3":["assets/audio/C8v16.mp3"],"assets/audio/D#-do.mp3":["assets/audio/D#-do.mp3"],"assets/audio/D#-do0.mp3":["assets/audio/D#-do0.mp3"],"assets/audio/D#-do1.mp3":["assets/audio/D#-do1.mp3"],"assets/audio/D#-do2.mp3":["assets/audio/D#-do2.mp3"],"assets/audio/D#-fa.mp3":["assets/audio/D#-fa.mp3"],"assets/audio/D#-fa0.mp3":["assets/audio/D#-fa0.mp3"],"assets/audio/D#-fa1.mp3":["assets/audio/D#-fa1.mp3"],"assets/audio/D#-ga.mp3":["assets/audio/D#-ga.mp3"],"assets/audio/D#-ga0.mp3":["assets/audio/D#-ga0.mp3"],"assets/audio/D#-ga1.mp3":["assets/audio/D#-ga1.mp3"],"assets/audio/D#-jur.mp3":["assets/audio/D#-jur.mp3"],"assets/audio/D#-jur0.mp3":["assets/audio/D#-jur0.mp3"],"assets/audio/D#-jur1.mp3":["assets/audio/D#-jur1.mp3"],"assets/audio/D#-ki.mp3":["assets/audio/D#-ki.mp3"],"assets/audio/D#-ki0.mp3":["assets/audio/D#-ki0.mp3"],"assets/audio/D#-ki1.mp3":["assets/audio/D#-ki1.mp3"],"assets/audio/D#-la.mp3":["assets/audio/D#-la.mp3"],"assets/audio/D#-la0.mp3":["assets/audio/D#-la0.mp3"],"assets/audio/D#-la1.mp3":["assets/audio/D#-la1.mp3"],"assets/audio/D#-mi.mp3":["assets/audio/D#-mi.mp3"],"assets/audio/D#-mi0.mp3":["assets/audio/D#-mi0.mp3"],"assets/audio/D#-mi1.mp3":["assets/audio/D#-mi1.mp3"],"assets/audio/D#-nu.mp3":["assets/audio/D#-nu.mp3"],"assets/audio/D#-nu0.mp3":["assets/audio/D#-nu0.mp3"],"assets/audio/D#-nu1.mp3":["assets/audio/D#-nu1.mp3"],"assets/audio/D#-pe.mp3":["assets/audio/D#-pe.mp3"],"assets/audio/D#-pe0.mp3":["assets/audio/D#-pe0.mp3"],"assets/audio/D#-pe1.mp3":["assets/audio/D#-pe1.mp3"],"assets/audio/D#-re.mp3":["assets/audio/D#-re.mp3"],"assets/audio/D#-re0.mp3":["assets/audio/D#-re0.mp3"],"assets/audio/D#-re1.mp3":["assets/audio/D#-re1.mp3"],"assets/audio/D#-so.mp3":["assets/audio/D#-so.mp3"],"assets/audio/D#-so0.mp3":["assets/audio/D#-so0.mp3"],"assets/audio/D#-so1.mp3":["assets/audio/D#-so1.mp3"],"assets/audio/D#-ti.mp3":["assets/audio/D#-ti.mp3"],"assets/audio/D#-ti0.mp3":["assets/audio/D#-ti0.mp3"],"assets/audio/D#-ti1.mp3":["assets/audio/D#-ti1.mp3"],"assets/audio/D#1v16.mp3":["assets/audio/D#1v16.mp3"],"assets/audio/D#2.mp3":["assets/audio/D#2.mp3"],"assets/audio/D#2v16.mp3":["assets/audio/D#2v16.mp3"],"assets/audio/D#3.mp3":["assets/audio/D#3.mp3"],"assets/audio/D#3v16.mp3":["assets/audio/D#3v16.mp3"],"assets/audio/D#4.mp3":["assets/audio/D#4.mp3"],"assets/audio/D#4v16.mp3":["assets/audio/D#4v16.mp3"],"assets/audio/D#5.mp3":["assets/audio/D#5.mp3"],"assets/audio/D#5v16.mp3":["assets/audio/D#5v16.mp3"],"assets/audio/D#6.mp3":["assets/audio/D#6.mp3"],"assets/audio/D#6v16.mp3":["assets/audio/D#6v16.mp3"],"assets/audio/D#7v16.mp3":["assets/audio/D#7v16.mp3"],"assets/audio/D-do.mp3":["assets/audio/D-do.mp3"],"assets/audio/D-do0.mp3":["assets/audio/D-do0.mp3"],"assets/audio/D-do1.mp3":["assets/audio/D-do1.mp3"],"assets/audio/D-do2.mp3":["assets/audio/D-do2.mp3"],"assets/audio/D-fa.mp3":["assets/audio/D-fa.mp3"],"assets/audio/D-fa0.mp3":["assets/audio/D-fa0.mp3"],"assets/audio/D-fa1.mp3":["assets/audio/D-fa1.mp3"],"assets/audio/D-ga.mp3":["assets/audio/D-ga.mp3"],"assets/audio/D-ga0.mp3":["assets/audio/D-ga0.mp3"],"assets/audio/D-ga1.mp3":["assets/audio/D-ga1.mp3"],"assets/audio/D-jur.mp3":["assets/audio/D-jur.mp3"],"assets/audio/D-jur0.mp3":["assets/audio/D-jur0.mp3"],"assets/audio/D-jur1.mp3":["assets/audio/D-jur1.mp3"],"assets/audio/D-ki.mp3":["assets/audio/D-ki.mp3"],"assets/audio/D-ki0.mp3":["assets/audio/D-ki0.mp3"],"assets/audio/D-ki1.mp3":["assets/audio/D-ki1.mp3"],"assets/audio/D-la.mp3":["assets/audio/D-la.mp3"],"assets/audio/D-la0.mp3":["assets/audio/D-la0.mp3"],"assets/audio/D-la1.mp3":["assets/audio/D-la1.mp3"],"assets/audio/D-mi.mp3":["assets/audio/D-mi.mp3"],"assets/audio/D-mi0.mp3":["assets/audio/D-mi0.mp3"],"assets/audio/D-mi1.mp3":["assets/audio/D-mi1.mp3"],"assets/audio/D-nu.mp3":["assets/audio/D-nu.mp3"],"assets/audio/D-nu0.mp3":["assets/audio/D-nu0.mp3"],"assets/audio/D-nu1.mp3":["assets/audio/D-nu1.mp3"],"assets/audio/D-pe.mp3":["assets/audio/D-pe.mp3"],"assets/audio/D-pe0.mp3":["assets/audio/D-pe0.mp3"],"assets/audio/D-pe1.mp3":["assets/audio/D-pe1.mp3"],"assets/audio/D-re.mp3":["assets/audio/D-re.mp3"],"assets/audio/D-re0.mp3":["assets/audio/D-re0.mp3"],"assets/audio/D-re1.mp3":["assets/audio/D-re1.mp3"],"assets/audio/D-so.mp3":["assets/audio/D-so.mp3"],"assets/audio/D-so0.mp3":["assets/audio/D-so0.mp3"],"assets/audio/D-so1.mp3":["assets/audio/D-so1.mp3"],"assets/audio/D-ti.mp3":["assets/audio/D-ti.mp3"],"assets/audio/D-ti0.mp3":["assets/audio/D-ti0.mp3"],"assets/audio/D-ti1.mp3":["assets/audio/D-ti1.mp3"],"assets/audio/D1v16.mp3":["assets/audio/D1v16.mp3"],"assets/audio/D2.mp3":["assets/audio/D2.mp3"],"assets/audio/D2v16.mp3":["assets/audio/D2v16.mp3"],"assets/audio/D3.mp3":["assets/audio/D3.mp3"],"assets/audio/D3v16.mp3":["assets/audio/D3v16.mp3"],"assets/audio/D4.mp3":["assets/audio/D4.mp3"],"assets/audio/D4v16.mp3":["assets/audio/D4v16.mp3"],"assets/audio/D5.mp3":["assets/audio/D5.mp3"],"assets/audio/D5v16.mp3":["assets/audio/D5v16.mp3"],"assets/audio/D6.mp3":["assets/audio/D6.mp3"],"assets/audio/D6v16.mp3":["assets/audio/D6v16.mp3"],"assets/audio/D7v16.mp3":["assets/audio/D7v16.mp3"],"assets/audio/E-do.mp3":["assets/audio/E-do.mp3"],"assets/audio/E-do0.mp3":["assets/audio/E-do0.mp3"],"assets/audio/E-do1.mp3":["assets/audio/E-do1.mp3"],"assets/audio/E-do2.mp3":["assets/audio/E-do2.mp3"],"assets/audio/E-fa.mp3":["assets/audio/E-fa.mp3"],"assets/audio/E-fa0.mp3":["assets/audio/E-fa0.mp3"],"assets/audio/E-fa1.mp3":["assets/audio/E-fa1.mp3"],"assets/audio/E-ga.mp3":["assets/audio/E-ga.mp3"],"assets/audio/E-ga0.mp3":["assets/audio/E-ga0.mp3"],"assets/audio/E-ga1.mp3":["assets/audio/E-ga1.mp3"],"assets/audio/E-jur.mp3":["assets/audio/E-jur.mp3"],"assets/audio/E-jur0.mp3":["assets/audio/E-jur0.mp3"],"assets/audio/E-jur1.mp3":["assets/audio/E-jur1.mp3"],"assets/audio/E-ki.mp3":["assets/audio/E-ki.mp3"],"assets/audio/E-ki0.mp3":["assets/audio/E-ki0.mp3"],"assets/audio/E-ki1.mp3":["assets/audio/E-ki1.mp3"],"assets/audio/E-la.mp3":["assets/audio/E-la.mp3"],"assets/audio/E-la0.mp3":["assets/audio/E-la0.mp3"],"assets/audio/E-la1.mp3":["assets/audio/E-la1.mp3"],"assets/audio/E-mi.mp3":["assets/audio/E-mi.mp3"],"assets/audio/E-mi0.mp3":["assets/audio/E-mi0.mp3"],"assets/audio/E-mi1.mp3":["assets/audio/E-mi1.mp3"],"assets/audio/E-nu.mp3":["assets/audio/E-nu.mp3"],"assets/audio/E-nu0.mp3":["assets/audio/E-nu0.mp3"],"assets/audio/E-nu1.mp3":["assets/audio/E-nu1.mp3"],"assets/audio/E-pe.mp3":["assets/audio/E-pe.mp3"],"assets/audio/E-pe0.mp3":["assets/audio/E-pe0.mp3"],"assets/audio/E-pe1.mp3":["assets/audio/E-pe1.mp3"],"assets/audio/E-re.mp3":["assets/audio/E-re.mp3"],"assets/audio/E-re0.mp3":["assets/audio/E-re0.mp3"],"assets/audio/E-re1.mp3":["assets/audio/E-re1.mp3"],"assets/audio/E-so.mp3":["assets/audio/E-so.mp3"],"assets/audio/E-so0.mp3":["assets/audio/E-so0.mp3"],"assets/audio/E-so1.mp3":["assets/audio/E-so1.mp3"],"assets/audio/E-ti.mp3":["assets/audio/E-ti.mp3"],"assets/audio/E-ti0.mp3":["assets/audio/E-ti0.mp3"],"assets/audio/E-ti1.mp3":["assets/audio/E-ti1.mp3"],"assets/audio/E1v16.mp3":["assets/audio/E1v16.mp3"],"assets/audio/E2.mp3":["assets/audio/E2.mp3"],"assets/audio/E2v16.mp3":["assets/audio/E2v16.mp3"],"assets/audio/E3.mp3":["assets/audio/E3.mp3"],"assets/audio/E3v16.mp3":["assets/audio/E3v16.mp3"],"assets/audio/E4.mp3":["assets/audio/E4.mp3"],"assets/audio/E4v16.mp3":["assets/audio/E4v16.mp3"],"assets/audio/E5.mp3":["assets/audio/E5.mp3"],"assets/audio/E5v16.mp3":["assets/audio/E5v16.mp3"],"assets/audio/E6v16.mp3":["assets/audio/E6v16.mp3"],"assets/audio/E7v16.mp3":["assets/audio/E7v16.mp3"],"assets/audio/F#-do.mp3":["assets/audio/F#-do.mp3"],"assets/audio/F#-do0.mp3":["assets/audio/F#-do0.mp3"],"assets/audio/F#-do1.mp3":["assets/audio/F#-do1.mp3"],"assets/audio/F#-do2.mp3":["assets/audio/F#-do2.mp3"],"assets/audio/F#-fa.mp3":["assets/audio/F#-fa.mp3"],"assets/audio/F#-fa0.mp3":["assets/audio/F#-fa0.mp3"],"assets/audio/F#-fa1.mp3":["assets/audio/F#-fa1.mp3"],"assets/audio/F#-ga.mp3":["assets/audio/F#-ga.mp3"],"assets/audio/F#-ga0.mp3":["assets/audio/F#-ga0.mp3"],"assets/audio/F#-ga1.mp3":["assets/audio/F#-ga1.mp3"],"assets/audio/F#-jur.mp3":["assets/audio/F#-jur.mp3"],"assets/audio/F#-jur0.mp3":["assets/audio/F#-jur0.mp3"],"assets/audio/F#-jur1.mp3":["assets/audio/F#-jur1.mp3"],"assets/audio/F#-ki.mp3":["assets/audio/F#-ki.mp3"],"assets/audio/F#-ki0.mp3":["assets/audio/F#-ki0.mp3"],"assets/audio/F#-ki1.mp3":["assets/audio/F#-ki1.mp3"],"assets/audio/F#-la.mp3":["assets/audio/F#-la.mp3"],"assets/audio/F#-la0.mp3":["assets/audio/F#-la0.mp3"],"assets/audio/F#-la1.mp3":["assets/audio/F#-la1.mp3"],"assets/audio/F#-mi.mp3":["assets/audio/F#-mi.mp3"],"assets/audio/F#-mi0.mp3":["assets/audio/F#-mi0.mp3"],"assets/audio/F#-mi1.mp3":["assets/audio/F#-mi1.mp3"],"assets/audio/F#-nu.mp3":["assets/audio/F#-nu.mp3"],"assets/audio/F#-nu0.mp3":["assets/audio/F#-nu0.mp3"],"assets/audio/F#-nu1.mp3":["assets/audio/F#-nu1.mp3"],"assets/audio/F#-pe.mp3":["assets/audio/F#-pe.mp3"],"assets/audio/F#-pe0.mp3":["assets/audio/F#-pe0.mp3"],"assets/audio/F#-pe1.mp3":["assets/audio/F#-pe1.mp3"],"assets/audio/F#-re.mp3":["assets/audio/F#-re.mp3"],"assets/audio/F#-re0.mp3":["assets/audio/F#-re0.mp3"],"assets/audio/F#-re1.mp3":["assets/audio/F#-re1.mp3"],"assets/audio/F#-so.mp3":["assets/audio/F#-so.mp3"],"assets/audio/F#-so0.mp3":["assets/audio/F#-so0.mp3"],"assets/audio/F#-so1.mp3":["assets/audio/F#-so1.mp3"],"assets/audio/F#-ti.mp3":["assets/audio/F#-ti.mp3"],"assets/audio/F#-ti0.mp3":["assets/audio/F#-ti0.mp3"],"assets/audio/F#-ti1.mp3":["assets/audio/F#-ti1.mp3"],"assets/audio/F#1v16.mp3":["assets/audio/F#1v16.mp3"],"assets/audio/F#2.mp3":["assets/audio/F#2.mp3"],"assets/audio/F#2v16.mp3":["assets/audio/F#2v16.mp3"],"assets/audio/F#3.mp3":["assets/audio/F#3.mp3"],"assets/audio/F#3v16.mp3":["assets/audio/F#3v16.mp3"],"assets/audio/F#4.mp3":["assets/audio/F#4.mp3"],"assets/audio/F#4v16.mp3":["assets/audio/F#4v16.mp3"],"assets/audio/F#5.mp3":["assets/audio/F#5.mp3"],"assets/audio/F#5v16.mp3":["assets/audio/F#5v16.mp3"],"assets/audio/F#6v16.mp3":["assets/audio/F#6v16.mp3"],"assets/audio/F#7v16.mp3":["assets/audio/F#7v16.mp3"],"assets/audio/F-do.mp3":["assets/audio/F-do.mp3"],"assets/audio/F-do0.mp3":["assets/audio/F-do0.mp3"],"assets/audio/F-do1.mp3":["assets/audio/F-do1.mp3"],"assets/audio/F-do2.mp3":["assets/audio/F-do2.mp3"],"assets/audio/F-fa.mp3":["assets/audio/F-fa.mp3"],"assets/audio/F-fa0.mp3":["assets/audio/F-fa0.mp3"],"assets/audio/F-fa1.mp3":["assets/audio/F-fa1.mp3"],"assets/audio/F-ga.mp3":["assets/audio/F-ga.mp3"],"assets/audio/F-ga0.mp3":["assets/audio/F-ga0.mp3"],"assets/audio/F-ga1.mp3":["assets/audio/F-ga1.mp3"],"assets/audio/F-jur.mp3":["assets/audio/F-jur.mp3"],"assets/audio/F-jur0.mp3":["assets/audio/F-jur0.mp3"],"assets/audio/F-jur1.mp3":["assets/audio/F-jur1.mp3"],"assets/audio/F-ki.mp3":["assets/audio/F-ki.mp3"],"assets/audio/F-ki0.mp3":["assets/audio/F-ki0.mp3"],"assets/audio/F-ki1.mp3":["assets/audio/F-ki1.mp3"],"assets/audio/F-la.mp3":["assets/audio/F-la.mp3"],"assets/audio/F-la0.mp3":["assets/audio/F-la0.mp3"],"assets/audio/F-la1.mp3":["assets/audio/F-la1.mp3"],"assets/audio/F-mi.mp3":["assets/audio/F-mi.mp3"],"assets/audio/F-mi0.mp3":["assets/audio/F-mi0.mp3"],"assets/audio/F-mi1.mp3":["assets/audio/F-mi1.mp3"],"assets/audio/F-nu.mp3":["assets/audio/F-nu.mp3"],"assets/audio/F-nu0.mp3":["assets/audio/F-nu0.mp3"],"assets/audio/F-nu1.mp3":["assets/audio/F-nu1.mp3"],"assets/audio/F-pe.mp3":["assets/audio/F-pe.mp3"],"assets/audio/F-pe0.mp3":["assets/audio/F-pe0.mp3"],"assets/audio/F-pe1.mp3":["assets/audio/F-pe1.mp3"],"assets/audio/F-re.mp3":["assets/audio/F-re.mp3"],"assets/audio/F-re0.mp3":["assets/audio/F-re0.mp3"],"assets/audio/F-re1.mp3":["assets/audio/F-re1.mp3"],"assets/audio/F-so.mp3":["assets/audio/F-so.mp3"],"assets/audio/F-so0.mp3":["assets/audio/F-so0.mp3"],"assets/audio/F-so1.mp3":["assets/audio/F-so1.mp3"],"assets/audio/F-ti.mp3":["assets/audio/F-ti.mp3"],"assets/audio/F-ti0.mp3":["assets/audio/F-ti0.mp3"],"assets/audio/F-ti1.mp3":["assets/audio/F-ti1.mp3"],"assets/audio/F1v16.mp3":["assets/audio/F1v16.mp3"],"assets/audio/F2.mp3":["assets/audio/F2.mp3"],"assets/audio/F2v16.mp3":["assets/audio/F2v16.mp3"],"assets/audio/F3.mp3":["assets/audio/F3.mp3"],"assets/audio/F3v16.mp3":["assets/audio/F3v16.mp3"],"assets/audio/F4.mp3":["assets/audio/F4.mp3"],"assets/audio/F4v16.mp3":["assets/audio/F4v16.mp3"],"assets/audio/F5.mp3":["assets/audio/F5.mp3"],"assets/audio/F5v16.mp3":["assets/audio/F5v16.mp3"],"assets/audio/F6v16.mp3":["assets/audio/F6v16.mp3"],"assets/audio/F7v16.mp3":["assets/audio/F7v16.mp3"],"assets/audio/G#-do.mp3":["assets/audio/G#-do.mp3"],"assets/audio/G#-do0.mp3":["assets/audio/G#-do0.mp3"],"assets/audio/G#-do1.mp3":["assets/audio/G#-do1.mp3"],"assets/audio/G#-do2.mp3":["assets/audio/G#-do2.mp3"],"assets/audio/G#-fa.mp3":["assets/audio/G#-fa.mp3"],"assets/audio/G#-fa0.mp3":["assets/audio/G#-fa0.mp3"],"assets/audio/G#-fa1.mp3":["assets/audio/G#-fa1.mp3"],"assets/audio/G#-ga.mp3":["assets/audio/G#-ga.mp3"],"assets/audio/G#-ga0.mp3":["assets/audio/G#-ga0.mp3"],"assets/audio/G#-ga1.mp3":["assets/audio/G#-ga1.mp3"],"assets/audio/G#-jur.mp3":["assets/audio/G#-jur.mp3"],"assets/audio/G#-jur0.mp3":["assets/audio/G#-jur0.mp3"],"assets/audio/G#-jur1.mp3":["assets/audio/G#-jur1.mp3"],"assets/audio/G#-ki.mp3":["assets/audio/G#-ki.mp3"],"assets/audio/G#-ki0.mp3":["assets/audio/G#-ki0.mp3"],"assets/audio/G#-ki1.mp3":["assets/audio/G#-ki1.mp3"],"assets/audio/G#-la.mp3":["assets/audio/G#-la.mp3"],"assets/audio/G#-la0.mp3":["assets/audio/G#-la0.mp3"],"assets/audio/G#-la1.mp3":["assets/audio/G#-la1.mp3"],"assets/audio/G#-mi.mp3":["assets/audio/G#-mi.mp3"],"assets/audio/G#-mi0.mp3":["assets/audio/G#-mi0.mp3"],"assets/audio/G#-mi1.mp3":["assets/audio/G#-mi1.mp3"],"assets/audio/G#-nu.mp3":["assets/audio/G#-nu.mp3"],"assets/audio/G#-nu0.mp3":["assets/audio/G#-nu0.mp3"],"assets/audio/G#-nu1.mp3":["assets/audio/G#-nu1.mp3"],"assets/audio/G#-pe.mp3":["assets/audio/G#-pe.mp3"],"assets/audio/G#-pe0.mp3":["assets/audio/G#-pe0.mp3"],"assets/audio/G#-pe1.mp3":["assets/audio/G#-pe1.mp3"],"assets/audio/G#-re.mp3":["assets/audio/G#-re.mp3"],"assets/audio/G#-re0.mp3":["assets/audio/G#-re0.mp3"],"assets/audio/G#-re1.mp3":["assets/audio/G#-re1.mp3"],"assets/audio/G#-so.mp3":["assets/audio/G#-so.mp3"],"assets/audio/G#-so0.mp3":["assets/audio/G#-so0.mp3"],"assets/audio/G#-so1.mp3":["assets/audio/G#-so1.mp3"],"assets/audio/G#-ti.mp3":["assets/audio/G#-ti.mp3"],"assets/audio/G#-ti0.mp3":["assets/audio/G#-ti0.mp3"],"assets/audio/G#-ti1.mp3":["assets/audio/G#-ti1.mp3"],"assets/audio/G#0v16.mp3":["assets/audio/G#0v16.mp3"],"assets/audio/G#1.mp3":["assets/audio/G#1.mp3"],"assets/audio/G#1v16.mp3":["assets/audio/G#1v16.mp3"],"assets/audio/G#2.mp3":["assets/audio/G#2.mp3"],"assets/audio/G#2v16.mp3":["assets/audio/G#2v16.mp3"],"assets/audio/G#3.mp3":["assets/audio/G#3.mp3"],"assets/audio/G#3v16.mp3":["assets/audio/G#3v16.mp3"],"assets/audio/G#4.mp3":["assets/audio/G#4.mp3"],"assets/audio/G#4v16.mp3":["assets/audio/G#4v16.mp3"],"assets/audio/G#5.mp3":["assets/audio/G#5.mp3"],"assets/audio/G#5v16.mp3":["assets/audio/G#5v16.mp3"],"assets/audio/G#6v16.mp3":["assets/audio/G#6v16.mp3"],"assets/audio/G#7v16.mp3":["assets/audio/G#7v16.mp3"],"assets/audio/G-do.mp3":["assets/audio/G-do.mp3"],"assets/audio/G-do0.mp3":["assets/audio/G-do0.mp3"],"assets/audio/G-do1.mp3":["assets/audio/G-do1.mp3"],"assets/audio/G-do2.mp3":["assets/audio/G-do2.mp3"],"assets/audio/G-fa.mp3":["assets/audio/G-fa.mp3"],"assets/audio/G-fa0.mp3":["assets/audio/G-fa0.mp3"],"assets/audio/G-fa1.mp3":["assets/audio/G-fa1.mp3"],"assets/audio/G-ga.mp3":["assets/audio/G-ga.mp3"],"assets/audio/G-ga0.mp3":["assets/audio/G-ga0.mp3"],"assets/audio/G-ga1.mp3":["assets/audio/G-ga1.mp3"],"assets/audio/G-jur.mp3":["assets/audio/G-jur.mp3"],"assets/audio/G-jur0.mp3":["assets/audio/G-jur0.mp3"],"assets/audio/G-jur1.mp3":["assets/audio/G-jur1.mp3"],"assets/audio/G-ki.mp3":["assets/audio/G-ki.mp3"],"assets/audio/G-ki0.mp3":["assets/audio/G-ki0.mp3"],"assets/audio/G-ki1.mp3":["assets/audio/G-ki1.mp3"],"assets/audio/G-la.mp3":["assets/audio/G-la.mp3"],"assets/audio/G-la0.mp3":["assets/audio/G-la0.mp3"],"assets/audio/G-la1.mp3":["assets/audio/G-la1.mp3"],"assets/audio/G-mi.mp3":["assets/audio/G-mi.mp3"],"assets/audio/G-mi0.mp3":["assets/audio/G-mi0.mp3"],"assets/audio/G-mi1.mp3":["assets/audio/G-mi1.mp3"],"assets/audio/G-nu.mp3":["assets/audio/G-nu.mp3"],"assets/audio/G-nu0.mp3":["assets/audio/G-nu0.mp3"],"assets/audio/G-nu1.mp3":["assets/audio/G-nu1.mp3"],"assets/audio/G-pe.mp3":["assets/audio/G-pe.mp3"],"assets/audio/G-pe0.mp3":["assets/audio/G-pe0.mp3"],"assets/audio/G-pe1.mp3":["assets/audio/G-pe1.mp3"],"assets/audio/G-re.mp3":["assets/audio/G-re.mp3"],"assets/audio/G-re0.mp3":["assets/audio/G-re0.mp3"],"assets/audio/G-re1.mp3":["assets/audio/G-re1.mp3"],"assets/audio/G-so.mp3":["assets/audio/G-so.mp3"],"assets/audio/G-so0.mp3":["assets/audio/G-so0.mp3"],"assets/audio/G-so1.mp3":["assets/audio/G-so1.mp3"],"assets/audio/G-ti.mp3":["assets/audio/G-ti.mp3"],"assets/audio/G-ti0.mp3":["assets/audio/G-ti0.mp3"],"assets/audio/G-ti1.mp3":["assets/audio/G-ti1.mp3"],"assets/audio/G1.mp3":["assets/audio/G1.mp3"],"assets/audio/G1v16.mp3":["assets/audio/G1v16.mp3"],"assets/audio/G2.mp3":["assets/audio/G2.mp3"],"assets/audio/G2v16.mp3":["assets/audio/G2v16.mp3"],"assets/audio/G3.mp3":["assets/audio/G3.mp3"],"assets/audio/G3v16.mp3":["assets/audio/G3v16.mp3"],"assets/audio/G4.mp3":["assets/audio/G4.mp3"],"assets/audio/G4v16.mp3":["assets/audio/G4v16.mp3"],"assets/audio/G5.mp3":["assets/audio/G5.mp3"],"assets/audio/G5v16.mp3":["assets/audio/G5v16.mp3"],"assets/audio/G6v16.mp3":["assets/audio/G6v16.mp3"],"assets/audio/G7v16.mp3":["assets/audio/G7v16.mp3"],"assets/audio/desktop.ini":["assets/audio/desktop.ini"],"assets/mapping/ChordSets.json":["assets/mapping/ChordSets.json"],"assets/mapping/Chords.json":["assets/mapping/Chords.json"],"assets/mapping/Mapping.json":["assets/mapping/Mapping.json"],"assets/mapping/Notes.json":["assets/mapping/Notes.json"],"assets/mapping/Scales.json":["assets/mapping/Scales.json"],"packages/flutter_soloud/web/init_module.dart.js":["packages/flutter_soloud/web/init_module.dart.js"],"packages/flutter_soloud/web/libflutter_soloud_plugin.js":["packages/flutter_soloud/web/libflutter_soloud_plugin.js"],"packages/flutter_soloud/web/libflutter_soloud_plugin.wasm":["packages/flutter_soloud/web/libflutter_soloud_plugin.wasm"],"packages/flutter_soloud/web/worker.dart.js":["packages/flutter_soloud/web/worker.dart.js"]}